epoch,train_loss,train_cls_loss,train_bbox_loss,val_loss,lr,epoch_time_sec
1,8.388,3.6915,4.6965,6.8266,0.000989,34.67
2,6.5432,2.831,3.7122,6.1589,0.000957,33.1
3,5.8437,2.7179,3.1258,5.9444,0.000905,37.37
4,5.3784,2.6649,2.7136,5.7105,0.000836,34.9
5,4.985,2.6007,2.3842,5.7314,0.000752,32.85
6,4.7252,2.5686,2.1566,5.703,0.000658,32.5
7,4.3881,2.5146,1.8735,5.7587,0.000557,32.59
8,4.2132,2.476,1.7371,5.8417,0.000453,32.46
9,3.9592,2.4218,1.5374,5.7684,0.000352,32.01
10,3.8277,2.3939,1.4338,5.7688,0.000258,32.42
11,3.6199,2.3391,1.2808,5.8623,0.000174,32.52
12,3.5366,2.3054,1.2312,5.8509,0.000105,34.11
13,3.368,2.2565,1.1115,5.8506,5.3e-05,33.4
14,3.3256,2.2281,1.0975,5.8503,2.1e-05,34.53
15,3.3054,2.2325,1.0729,5.8571,1e-05,35.47
