rel_path,site,filename,width,height,size_bytes,md5
big temple\IMG_20260609_073544-2.jpg,big temple,IMG_20260609_073544-2.jpg,3072,4096,4777854,4d612d72ba8ef1b059f19bdf29dfe9c4
big temple\IMG_20260609_073601-2.jpg,big temple,IMG_20260609_073601-2.jpg,3072,4096,4648299,1a7ba355785fe9cf20be4a01ffabdb20
big temple\IMG_20260609_073646-2.jpg,big temple,IMG_20260609_073646-2.jpg,3072,4096,4398814,e22caf3a4bd71bf34ce8aca3c2c40f52
big temple\IMG_20260609_073719-2.jpg,big temple,IMG_20260609_073719-2.jpg,3072,4096,5251330,c2e16baa06a08d3125051d8348bff1d4
big temple\IMG_20260609_073749-2.jpg,big temple,IMG_20260609_073749-2.jpg,3072,4096,4113547,80f0414b52d6d43a5a720dcac5a50a0f
big temple\IMG_20260609_073810-2.jpg,big temple,IMG_20260609_073810-2.jpg,3072,4096,3591835,6c85cf91d53da4be7ae508c42b0c1b65
big temple\IMG_20260609_073843-2.jpg,big temple,IMG_20260609_073843-2.jpg,3072,4096,4806637,239fe215a8b97fec39b9ed4b1e0e6991
big temple\IMG_20260609_073921-2.jpg,big temple,IMG_20260609_073921-2.jpg,3072,4096,3687930,01182990e6ab045378c8ca90c446b390
big temple\IMG_20260609_073952-2.jpg,big temple,IMG_20260609_073952-2.jpg,3072,4096,4685233,b03d3056363be97668e341ae10e8d34d
big temple\IMG_20260609_074025-2.jpg,big temple,IMG_20260609_074025-2.jpg,3072,4096,3592262,3b98c70deaa1c4c17b63ac8887daef6f
big temple\IMG_20260609_074124-2.jpg,big temple,IMG_20260609_074124-2.jpg,3072,4096,3984321,cb5ca665ef7fef5bd66dbffba9c1ef8c
big temple\IMG_20260609_074150-2.jpg,big temple,IMG_20260609_074150-2.jpg,3072,4096,3877418,550b9d78efe2f14387beed1d625a9994
big temple\IMG_20260609_074220-2.jpg,big temple,IMG_20260609_074220-2.jpg,3072,4096,4888851,159e8b965ae0ff669b237cae6b43e436
big temple\IMG_20260609_074320-2.jpg,big temple,IMG_20260609_074320-2.jpg,3072,4096,3749628,d745ec90ca06a98b093f2ac6c2632524
big temple\IMG_20260609_074356-2.jpg,big temple,IMG_20260609_074356-2.jpg,3072,4096,3035610,fc8c293a9f57a70d4a58f773738633e7
big temple\IMG_20260609_074428-2.jpg,big temple,IMG_20260609_074428-2.jpg,3072,4096,3019848,9c82c70fd86de3cd1ba01caaec346bdd
big temple\IMG_20260609_074446-2.jpg,big temple,IMG_20260609_074446-2.jpg,3072,4096,3581728,f21727c86a5f27e99021d9b765b17cd5
big temple\IMG_20260609_074517-2.jpg,big temple,IMG_20260609_074517-2.jpg,3072,4096,4016802,4e0e7b654215f588311791d6bd7cf557
big temple\IMG_20260609_074533-2.jpg,big temple,IMG_20260609_074533-2.jpg,3072,4096,4258519,fc724a8b40d0cfb633e7cd1071a20685
big temple\IMG_20260609_074601-2.jpg,big temple,IMG_20260609_074601-2.jpg,3072,4096,2534979,fa4ee08d00672a33d78ef99d3445daaf
big temple\IMG_20260609_074656-2.jpg,big temple,IMG_20260609_074656-2.jpg,3072,4096,3453082,f00650d3c4ada433737e3b3e633bb09a
big temple\IMG_20260609_074732-2.jpg,big temple,IMG_20260609_074732-2.jpg,3072,4096,3340637,096741830c4a465dc75e1ec3bc36fabc
big temple\IMG_20260609_074806-2.jpg,big temple,IMG_20260609_074806-2.jpg,3072,4096,4380898,f481cf11c86dd9f95d8ac1db63985f1c
big temple\IMG_20260609_074843-2.jpg,big temple,IMG_20260609_074843-2.jpg,3072,4096,2766386,4ee56cb84bf686224dda0014277b66e5
big temple\IMG_20260609_075019-2.jpg,big temple,IMG_20260609_075019-2.jpg,3072,4096,4016296,1169c80f4276bcfceb330d365b64afb2
big temple\IMG_20260609_075039-2.jpg,big temple,IMG_20260609_075039-2.jpg,3072,4096,1781718,69bb7baf59d66608de09b9ae263c5a36
big temple\IMG_20260609_075103-2.jpg,big temple,IMG_20260609_075103-2.jpg,3072,4096,3415196,b084e21e69fdbf3a1cd2cb6da9714f4a
big temple\IMG_20260609_075131-2.jpg,big temple,IMG_20260609_075131-2.jpg,3072,4096,4335394,f0e531915e349baa0d8af4ed7e77db5d
big temple\IMG_20260609_075149-2.jpg,big temple,IMG_20260609_075149-2.jpg,3072,4096,3494129,0e67ff62a7fbb68286982286d3b4733d
big temple\IMG_20260609_075208-2.jpg,big temple,IMG_20260609_075208-2.jpg,3072,4096,3578048,765c17f2abd95fe5e2e5cd7e3c8e66fa
big temple\IMG_20260609_075232-2.jpg,big temple,IMG_20260609_075232-2.jpg,3072,4096,2989497,4964f2f2525b5fdd0228bd29d4350f08
big temple\IMG_20260609_075509-2.jpg,big temple,IMG_20260609_075509-2.jpg,3072,4096,2948845,4c2ab06d3896672be05bcc0eb67b84aa
big temple\IMG_20260609_075626-2.jpg,big temple,IMG_20260609_075626-2.jpg,3072,4096,2987429,6296e819113556245e887479739b834b
big temple\IMG_20260609_075716-2.jpg,big temple,IMG_20260609_075716-2.jpg,3072,4096,3007465,9085d4c0a8e91bb72a55f4b8cf6f5755
big temple\IMG_20260609_075732-2.jpg,big temple,IMG_20260609_075732-2.jpg,3072,4096,2825592,472ea2bdcd9156b7099fc06aec857d01
big temple\IMG_20260609_075756-2.jpg,big temple,IMG_20260609_075756-2.jpg,3072,4096,3837993,19f51119bf7d2bcf7cfd5203331844e3
big temple\IMG_20260609_075812-2.jpg,big temple,IMG_20260609_075812-2.jpg,3072,4096,2614426,e89fb573640af6deb510405c7becfe63
big temple\IMG_20260609_075904-2.jpg,big temple,IMG_20260609_075904-2.jpg,3072,4096,4129162,a07a6df801a181f0b9befc179cbc8c9b
big temple\IMG_20260609_075925-2.jpg,big temple,IMG_20260609_075925-2.jpg,3072,4096,3354858,d8c8a7d3aa1a44199582e27afbd0cfb1
big temple\IMG_20260609_075948-2.jpg,big temple,IMG_20260609_075948-2.jpg,3072,4096,2629812,3ae15e175b94306de3d533df48f4a930
big temple\IMG_20260609_080012-2.jpg,big temple,IMG_20260609_080012-2.jpg,3072,4096,2884811,f9f25abaa0274a4bb97206058b45b9c0
big temple\IMG_20260609_080040-2.jpg,big temple,IMG_20260609_080040-2.jpg,3072,4096,3434408,05b893a6d1934cc6d58d913223cf066d
big temple\IMG_20260609_080145-2.jpg,big temple,IMG_20260609_080145-2.jpg,3072,4096,2620312,4c1a8e3088de8168ef6f3707f1f04063
big temple\IMG_20260609_080223-2.jpg,big temple,IMG_20260609_080223-2.jpg,3072,4096,2665923,10a1bf663a888cc13bd6a25b76d82f58
big temple\IMG_20260609_080307-2.jpg,big temple,IMG_20260609_080307-2.jpg,3072,4096,2776394,b146b37a15ca5fc70a6f9c16bf27fe97
big temple\IMG_20260609_080346-2.jpg,big temple,IMG_20260609_080346-2.jpg,3072,4096,3418003,9a381db0e222d9ccc3cee73ec391f1e9
big temple\IMG_20260609_080410-2.jpg,big temple,IMG_20260609_080410-2.jpg,3072,4096,2425755,d7edc608ad6ce557942c220927038672
big temple\IMG_20260609_080434-2.jpg,big temple,IMG_20260609_080434-2.jpg,3072,4096,3532273,8db3494057fd9df62739165fc9ba5c6f
big temple\IMG_20260609_080506-2.jpg,big temple,IMG_20260609_080506-2.jpg,3072,4096,2766708,823092dbc477ae2fe746b74f0015c44e
big temple\IMG_20260609_080528-2.jpg,big temple,IMG_20260609_080528-2.jpg,3072,4096,3272321,0a91afdff5e4572540d0614af261848a
big temple\IMG_20260609_080547-2.jpg,big temple,IMG_20260609_080547-2.jpg,3072,4096,3559837,68c9da817098e5cc552e33a247c18ae0
big temple\IMG_20260609_080605-2.jpg,big temple,IMG_20260609_080605-2.jpg,3072,4096,2847629,c23fe6a0f53fcc4b966d314dd9755f4f
big temple\IMG_20260609_080628-2.jpg,big temple,IMG_20260609_080628-2.jpg,3072,4096,2739733,81f486398b2edc219e1f81f6ee602ba4
big temple\IMG_20260609_080648-2.jpg,big temple,IMG_20260609_080648-2.jpg,3072,4096,2110619,bdae045907de170e3f2d87c73ab3324b
big temple\IMG_20260609_080711-2.jpg,big temple,IMG_20260609_080711-2.jpg,3072,4096,2979353,4de438bdd9340f816e0cd1ccb9b7da77
big temple\IMG_20260609_080732-2.jpg,big temple,IMG_20260609_080732-2.jpg,3072,4096,3101949,e0f799135bc1bbb6ed700b02cf615dc8
big temple\IMG_20260609_080750-2.jpg,big temple,IMG_20260609_080750-2.jpg,3072,4096,2454653,b4e01ed5fc948ddf8e153ecbb7941878
big temple\IMG_20260609_080809-2.jpg,big temple,IMG_20260609_080809-2.jpg,3072,4096,2446167,aa9b7030d55bd3e4b78a3f99a2a90205
big temple\IMG_20260609_080830-2.jpg,big temple,IMG_20260609_080830-2.jpg,3072,4096,2697465,7fcac09a7a286214c80975ffba7f5c47
big temple\IMG_20260609_080903-2.jpg,big temple,IMG_20260609_080903-2.jpg,3072,4096,2535535,c7e4094fbcfdd4b5f203a61c25977ce6
big temple\IMG_20260609_080941-2.jpg,big temple,IMG_20260609_080941-2.jpg,3072,4096,4203389,8434acf0c29be741b02de340d215963d
big temple\IMG_20260609_081002-2.jpg,big temple,IMG_20260609_081002-2.jpg,3072,4096,2208285,2d7c721a036f5701bf09d4933f4fc570
big temple\IMG_20260609_081053-2.jpg,big temple,IMG_20260609_081053-2.jpg,3072,4096,2559347,17d6cbc5efd133b2edd77bf948a0f2db
big temple\IMG_20260609_081113-2.jpg,big temple,IMG_20260609_081113-2.jpg,3072,4096,3660913,58579dc7fd3c18e81c132a24ef018823
big temple\IMG_20260609_081147-2.jpg,big temple,IMG_20260609_081147-2.jpg,3072,4096,2598330,a9f221d86e61d60d350c7c4c34229341
big temple\IMG_20260609_081237-2.jpg,big temple,IMG_20260609_081237-2.jpg,3072,4096,2926178,a5403027094a70057c5b6a0ef42d07aa
big temple\IMG_20260609_081612-2.jpg,big temple,IMG_20260609_081612-2.jpg,3072,4096,2066953,1c25f9a6bcd34ec76ff678b645d2de6d
big temple\IMG_20260609_081651-2.jpg,big temple,IMG_20260609_081651-2.jpg,3072,4096,3828931,29da14b5ee5c84d1f91a8678df9bb373
big temple\IMG_20260609_081714-2.jpg,big temple,IMG_20260609_081714-2.jpg,3072,4096,2530169,c7d013ded3a823c6c7da02340d7b5f51
big temple\IMG_20260609_081733-2.jpg,big temple,IMG_20260609_081733-2.jpg,3072,4096,3513886,8959d674382e85097998f6fafcda8022
big temple\IMG_20260609_081747-2.jpg,big temple,IMG_20260609_081747-2.jpg,3072,4096,2629139,2c302ea434c368440ecc17a893ca2856
big temple\IMG_20260609_081910-2.jpg,big temple,IMG_20260609_081910-2.jpg,3072,4096,3301358,44a7aafa2c93e0ba49658ea6cd660ba6
big temple\IMG_20260609_081953-2.jpg,big temple,IMG_20260609_081953-2.jpg,3072,4096,2703935,7a9207b1162d768e04f7a0c679a7280d
big temple\IMG_20260609_082017-2.jpg,big temple,IMG_20260609_082017-2.jpg,3072,4096,2240502,1e84755aef319e912cfb0e2b4f6821f4
big temple\IMG_20260609_082044-2.jpg,big temple,IMG_20260609_082044-2.jpg,3072,4096,2259320,7c4d6d8709be3e5391f2bb9b1c6b2113
big temple\IMG_20260609_082105-2.jpg,big temple,IMG_20260609_082105-2.jpg,3072,4096,3142445,ddb10877c9b039ba94b35dd14a57d4c1
big temple\IMG_20260609_082750-2.jpg,big temple,IMG_20260609_082750-2.jpg,3072,4096,3933317,52dccb5bf796bc8d0fef675dfa0a7fc6
big temple\IMG_20260609_082812-2.jpg,big temple,IMG_20260609_082812-2.jpg,4096,3072,3745960,17cccbd25537f2dd0a51e204aded9374
big temple\IMG_20260609_082925-2.jpg,big temple,IMG_20260609_082925-2.jpg,4096,3072,5074133,30efb2e5bd391f460929b892ce574fa3
big temple\IMG_20260609_082942-2.jpg,big temple,IMG_20260609_082942-2.jpg,4096,3072,5140237,714512a261a7dfb292035fbf2d040423
big temple\IMG_20260609_083009-2.jpg,big temple,IMG_20260609_083009-2.jpg,3072,4096,5299753,91e5bc5e4f4679660265f700cd40d85e
big temple\IMG_20260609_083028-2.jpg,big temple,IMG_20260609_083028-2.jpg,4096,3072,4764785,6ad3b8ad68fd9ad834e4e0b2efba0193
big temple\IMG_20260609_083042-2.jpg,big temple,IMG_20260609_083042-2.jpg,4096,3072,4578469,cb9097a453627ca623c73454f2be7a02
big temple\IMG_20260609_083101-2.jpg,big temple,IMG_20260609_083101-2.jpg,3072,4096,3793877,e827d492a3689462161920e0d5de70d9
big temple\IMG_20260609_083120-2.jpg,big temple,IMG_20260609_083120-2.jpg,4096,3072,5113285,630b72d708162bee94618a6137f9fdd9
big temple\IMG_20260609_083140-2.jpg,big temple,IMG_20260609_083140-2.jpg,4096,3072,5795787,9545a9691df2ffec97fa7410df162181
big temple\IMG_20260609_083214-2.jpg,big temple,IMG_20260609_083214-2.jpg,3072,4096,4104161,fcabcab5626b522cafb8437a140ef76e
big temple\IMG_20260609_083227-2.jpg,big temple,IMG_20260609_083227-2.jpg,3072,4096,4528606,8d44c9296b62450d6c7f2a050766cac5
big temple\IMG_20260609_083315-2.jpg,big temple,IMG_20260609_083315-2.jpg,3072,4096,4829938,49bf3d766546b580a28307af48944b28
big temple\IMG_20260609_083338-2.jpg,big temple,IMG_20260609_083338-2.jpg,3072,4096,3607666,e9a6498847f181b6c86d339cc8d3770e
big temple\IMG_20260609_083348-2.jpg,big temple,IMG_20260609_083348-2.jpg,3072,4096,3999450,b2fcb245304f69e4c907498b1b11994b
big temple\IMG_20260609_083410-2.jpg,big temple,IMG_20260609_083410-2.jpg,4096,3072,3633142,94bbca78b31609798a909d3e6cdbd23a
big temple\IMG_20260609_083431-2.jpg,big temple,IMG_20260609_083431-2.jpg,3072,4096,4112785,1941313817710a4a3ff5b37d9cf9f002
big temple\IMG_20260609_083448-2.jpg,big temple,IMG_20260609_083448-2.jpg,3072,4096,4924299,9c60ea11d4ee2bfe0d83d715409e110c
big temple\IMG_20260609_083508-2.jpg,big temple,IMG_20260609_083508-2.jpg,3072,4096,4537263,266b64e0f319a7192c6709ec8f7351d2
big temple\IMG_20260609_083534-2.jpg,big temple,IMG_20260609_083534-2.jpg,3072,4096,4793477,56a4dddafaff545a7cff6e16b73f845e
big temple\IMG_20260609_083555-2.jpg,big temple,IMG_20260609_083555-2.jpg,3072,4096,4192470,836742fbe0f733618435f37163f47e5a
big temple\IMG_20260609_083616-2.jpg,big temple,IMG_20260609_083616-2.jpg,3072,4096,4055447,63607ddcc1eb24c32d4eb8f5e82b132b
big temple\IMG_20260609_083636-2.jpg,big temple,IMG_20260609_083636-2.jpg,3072,4096,4525852,1cc10439f75acad254838280b0076cb1
big temple\IMG_20260609_083653-2.jpg,big temple,IMG_20260609_083653-2.jpg,3072,4096,4963618,b41f53c4524bf2e05bf509b5579c2faa
big temple\IMG_20260609_083717-2.jpg,big temple,IMG_20260609_083717-2.jpg,4096,3072,4729346,04f077afb8ebbab11f74638b4825ccb3
big temple\IMG_20260609_083728-2.jpg,big temple,IMG_20260609_083728-2.jpg,3072,4096,4201728,48f549b75333d3f8eb7b93ceebdf3aad
big temple\IMG_20260609_083752-2.jpg,big temple,IMG_20260609_083752-2.jpg,4096,3072,3996535,2817a2d8bb5e6902c24d8672cde7a722
big temple\IMG_20260609_083805-2.jpg,big temple,IMG_20260609_083805-2.jpg,3072,4096,3680904,a7716048f038058e263085e9b7f9f5c2
big temple\IMG_20260609_083847-2.jpg,big temple,IMG_20260609_083847-2.jpg,3072,4096,4482392,fda8939244c4a989cd32cd68354c0ba3
big temple\IMG_20260609_083912-2.jpg,big temple,IMG_20260609_083912-2.jpg,3072,4096,4973020,1790b3439b7504d95d84572917352f5e
big temple\IMG_20260609_083928-2.jpg,big temple,IMG_20260609_083928-2.jpg,3072,4096,5004067,0535a02951bf6aa1e6d14c03e2a0b85f
big temple\IMG_20260609_083944-2.jpg,big temple,IMG_20260609_083944-2.jpg,4096,3072,5096192,c3a1c956e3d0d0fab43a40aff1c07017
big temple\IMG_20260609_084019-2.jpg,big temple,IMG_20260609_084019-2.jpg,4096,3072,4446498,d8b75dd6928300ac54700fd32e5c2b5a
big temple\IMG_20260609_084044-2.jpg,big temple,IMG_20260609_084044-2.jpg,4096,3072,5064780,a4b3b29607d55248b7df491255075707
big temple\IMG_20260609_084056-2.jpg,big temple,IMG_20260609_084056-2.jpg,3072,4096,4859061,317dc3d50bb99bae2a65c5222184e502
big temple\IMG_20260609_084105-2.jpg,big temple,IMG_20260609_084105-2.jpg,3072,4096,4926993,1956ab7a198629748c980be437eb3a10
big temple\IMG_20260609_084124-2.jpg,big temple,IMG_20260609_084124-2.jpg,4096,3072,4461071,7ed72b9374518e0290b34d2ff1867814
big temple\IMG_20260609_084154-2.jpg,big temple,IMG_20260609_084154-2.jpg,3072,4096,4665734,7d9c6f05ced78121e564be7db66321d3
big temple\IMG_20260609_084202-2.jpg,big temple,IMG_20260609_084202-2.jpg,4096,3072,4521125,5ad07fd3f988046bd3377b991e09ab3b
big temple\IMG_20260609_084230-2.jpg,big temple,IMG_20260609_084230-2.jpg,3072,4096,4285716,1b7e4cf9ee8697bd64e60a56d5c58cd3
big temple\IMG_20260609_084245-2.jpg,big temple,IMG_20260609_084245-2.jpg,3072,4096,3855123,0a9bbaf0f5f2bf6ad774b528ce3934e3
big temple\IMG_20260609_084301-2.jpg,big temple,IMG_20260609_084301-2.jpg,3072,4096,4331262,3e5a8cf8030c1d4bc95befebb99aff88
big temple\IMG_20260609_084315-2.jpg,big temple,IMG_20260609_084315-2.jpg,3072,4096,4833148,c49a3cb3496337345d85334f088255c7
big temple\IMG_20260609_084334-2.jpg,big temple,IMG_20260609_084334-2.jpg,4096,3072,4110126,f4e3f38c1c55f0114bc3371aa3b09450
big temple\IMG_20260609_084351-2.jpg,big temple,IMG_20260609_084351-2.jpg,4096,3072,5191651,dbdda4eb3b68efd4997a36a9b0260b30
big temple\IMG_20260609_084421-2.jpg,big temple,IMG_20260609_084421-2.jpg,4096,3072,4751480,49a95c05f7e12cca41304af5503e57b7
big temple\IMG_20260609_084448-2.jpg,big temple,IMG_20260609_084448-2.jpg,4096,3072,5050162,328e028dbe88492804df4daaa9f1532f
big temple\IMG_20260609_084502-2.jpg,big temple,IMG_20260609_084502-2.jpg,4096,3072,5433349,81644350e6d5d9574836f4542a1b29b0
big temple\IMG_20260609_084528-2.jpg,big temple,IMG_20260609_084528-2.jpg,3072,4096,4075592,dc3c90b4004d34caee657f040d2bae77
big temple\IMG_20260609_084547-2.jpg,big temple,IMG_20260609_084547-2.jpg,3072,4096,4100364,12dff0b97e7ba0ca018ddcb18029e832
big temple\IMG_20260609_084602-2.jpg,big temple,IMG_20260609_084602-2.jpg,3072,4096,4364041,99e8aacad3b808851c5b478824a36ad3
big temple\IMG_20260609_084626-2.jpg,big temple,IMG_20260609_084626-2.jpg,4096,3072,4100746,babdd739c554d706cf04764cd79d37b7
big temple\IMG_20260609_084641-2.jpg,big temple,IMG_20260609_084641-2.jpg,3072,4096,4487325,6f6504b1d0e8d4bb0495abac0b261f75
big temple\IMG_20260609_084659-2.jpg,big temple,IMG_20260609_084659-2.jpg,3072,4096,4853405,d1105e7d32e897cdcae28cb48aa41209
big temple\IMG_20260609_084708-2.jpg,big temple,IMG_20260609_084708-2.jpg,3072,4096,3946156,cfd66c9f1f2616184e710ca55f52449e
big temple\IMG_20260609_084719-2.jpg,big temple,IMG_20260609_084719-2.jpg,4096,3072,4173865,1cabb0f3a1b8293a04136066145d9d04
big temple\IMG_20260609_084742-2.jpg,big temple,IMG_20260609_084742-2.jpg,4096,3072,4623160,87def1ede7f1da9710ea7c24ead1ddb5
big temple\IMG_20260609_084750-2.jpg,big temple,IMG_20260609_084750-2.jpg,3072,4096,3793162,22afcad84e8ada8fa984efad45e2b21b
big temple\IMG_20260609_084807-2.jpg,big temple,IMG_20260609_084807-2.jpg,3072,4096,4137026,2626fc5e5c3a178d4d85f855994df485
big temple\IMG_20260609_084825-2.jpg,big temple,IMG_20260609_084825-2.jpg,4096,3072,4861730,d190a289c6e87b231f4220ff06b5ff7f
big temple\IMG_20260609_084842-2.jpg,big temple,IMG_20260609_084842-2.jpg,3072,4096,3842467,7b944b592529220e2f9833c45995939b
big temple\IMG_20260609_084909-2.jpg,big temple,IMG_20260609_084909-2.jpg,4096,3072,3926451,8d08e63fea09c678ac6b097e94b6269b
big temple\IMG_20260609_084921-2.jpg,big temple,IMG_20260609_084921-2.jpg,3072,4096,4045065,0ff7a789e159c4ca52256bd16b41d9e7
big temple\IMG_20260609_084934-2.jpg,big temple,IMG_20260609_084934-2.jpg,3072,4096,5407790,e0bd1b8b1cc1c6b071207a6759e0d7a6
big temple\IMG_20260609_084944-2.jpg,big temple,IMG_20260609_084944-2.jpg,3072,4096,5247851,3e834567bad68ded74e6a54ea97e9caf
big temple\IMG_20260622_171836.jpg,big temple,IMG_20260622_171836.jpg,3072,4096,6725394,af316a8926844e054abb9210a6ed0ab7
big temple\IMG_20260622_171852.jpg,big temple,IMG_20260622_171852.jpg,3072,4096,5730841,050920cfc56c42de94f5f05aa02eddb9
big temple\IMG_20260622_171906.jpg,big temple,IMG_20260622_171906.jpg,3072,4096,5738770,b1060510248a191ad4180ff711de7ef0
big temple\IMG_20260622_171918.jpg,big temple,IMG_20260622_171918.jpg,3072,4096,6083990,401aa4cb797350a0d8ba1c9ebf53d733
big temple\IMG_20260622_171927.jpg,big temple,IMG_20260622_171927.jpg,3072,4096,5687288,a854b315e5fc3d040e461f6156035990
big temple\IMG_20260622_172012.jpg,big temple,IMG_20260622_172012.jpg,3072,4096,5809349,54bf7ce030e884003ac2d07a5687f3c4
big temple\IMG_20260622_172028.jpg,big temple,IMG_20260622_172028.jpg,3072,4096,5410198,6120c666427da1582a506c7c504a466e
big temple\IMG_20260622_172041.jpg,big temple,IMG_20260622_172041.jpg,3072,4096,5002587,5e807bd59585e5b01fe4f472a1606732
big temple\IMG_20260622_172102.jpg,big temple,IMG_20260622_172102.jpg,3072,4096,4020858,1164428c5cda211f7e4f51a2e72e65ae
big temple\IMG_20260622_172112.jpg,big temple,IMG_20260622_172112.jpg,4096,3072,4413753,28b06f0d88409a69ef9be2069dc68793
big temple\IMG_20260622_172121.jpg,big temple,IMG_20260622_172121.jpg,3072,4096,5193074,57c658d2f70257504f7b6d26fbbd25ca
big temple\IMG_20260622_172135.jpg,big temple,IMG_20260622_172135.jpg,4096,3072,5861482,7dde3b839a9535cb4e565f409b4b2d4f
big temple\IMG_20260622_172154.jpg,big temple,IMG_20260622_172154.jpg,3072,4096,4265637,944a0d3dad9e9eb6ada7f93149d2f321
big temple\IMG_20260622_172202.jpg,big temple,IMG_20260622_172202.jpg,3072,4096,4599339,b0151d286fb1d5038c948460e05c3ee6
big temple\IMG_20260622_172215.jpg,big temple,IMG_20260622_172215.jpg,3072,4096,5798095,807f4cfc884a2cc148fd5bdfa231dd68
big temple\IMG_20260622_172233.jpg,big temple,IMG_20260622_172233.jpg,4096,3072,3934326,88f01bd4e8ad81be72e9afb0683cb475
big temple\IMG_20260622_172249.jpg,big temple,IMG_20260622_172249.jpg,3072,4096,5035668,5c0c456b01eaa4698fe6b5009fd434a9
big temple\IMG_20260622_172305.jpg,big temple,IMG_20260622_172305.jpg,3072,4096,5346075,21a07c66262e5e1210606109b69391c3
big temple\IMG_20260622_172322.jpg,big temple,IMG_20260622_172322.jpg,3072,4096,5275047,4a530954dd0a8da22ae91d28266e18fc
big temple\IMG_20260622_172333.jpg,big temple,IMG_20260622_172333.jpg,3072,4096,3787828,d91eaef22d096556d93072d4c1b70724
big temple\IMG_20260622_172356.jpg,big temple,IMG_20260622_172356.jpg,4096,3072,4011212,16637aa6b9a5ada95da631085d5fd2d2
big temple\IMG_20260622_172412.jpg,big temple,IMG_20260622_172412.jpg,4096,3072,4072371,1cd67c5f7ada4f56d731327e33628cc7
big temple\IMG_20260622_172420.jpg,big temple,IMG_20260622_172420.jpg,3072,4096,5590377,0661757181a2024d69049b281f2f9ef1
big temple\IMG_20260622_172443.jpg,big temple,IMG_20260622_172443.jpg,4096,3072,7281054,9ccefcd9b835638026dc691772f53f59
big temple\IMG_20260622_172558.jpg,big temple,IMG_20260622_172558.jpg,3072,4096,4452022,0f6c60c6028b6a661b6bd5f59a767c44
big temple\IMG_20260622_172625.jpg,big temple,IMG_20260622_172625.jpg,3072,4096,5140532,a9babae1775578af10659d91bf783b95
big temple\IMG_20260622_172641.jpg,big temple,IMG_20260622_172641.jpg,3072,4096,4250705,34d7dfcac2a32d85acda8cb6649e6078
big temple\IMG_20260622_172704.jpg,big temple,IMG_20260622_172704.jpg,3072,4096,7037343,66562dd31b7a881dc6c47fbcd2afc1da
big temple\IMG_20260622_172721.jpg,big temple,IMG_20260622_172721.jpg,3072,4096,3689628,6622f6d5a27c0b90314784e9f524c0aa
big temple\IMG_20260622_172733.jpg,big temple,IMG_20260622_172733.jpg,3072,4096,4212233,441adac4632f846c96222197a7fa9ad9
big temple\IMG_20260622_172751.jpg,big temple,IMG_20260622_172751.jpg,3072,4096,4442781,efb95e304acda1f486c8a2c10d7aa2ee
big temple\IMG_20260622_172810.jpg,big temple,IMG_20260622_172810.jpg,3072,4096,4031350,78cf7a85224db49cd0c0af3577e90ec5
big temple\IMG_20260622_172840.jpg,big temple,IMG_20260622_172840.jpg,3072,4096,5042688,6d7d1869ba351f3ea43db9c150fe1bf4
big temple\IMG_20260622_172914.jpg,big temple,IMG_20260622_172914.jpg,3072,4096,5002539,06dcbd1e20fd8c6fd1136ae33ccabd8d
big temple\IMG_20260622_172937.jpg,big temple,IMG_20260622_172937.jpg,3072,4096,4490055,1f9f636bcd70d433748a9fe1bd841ccc
big temple\IMG_20260622_173029.jpg,big temple,IMG_20260622_173029.jpg,3072,4096,4789285,e40e0e036aa53fc2c0432b49e5528ac3
big temple\IMG_20260622_173033.jpg,big temple,IMG_20260622_173033.jpg,3072,4096,5163491,91df00eab15c91a904ebabeba6a44349
big temple\IMG_20260622_173048.jpg,big temple,IMG_20260622_173048.jpg,3072,4096,5297827,041fb497ff50bfae8f4f14f814d4a81a
big temple\IMG_20260622_173101.jpg,big temple,IMG_20260622_173101.jpg,3072,4096,5948224,30da1af90675cea722465fddcc589e49
big temple\IMG_20260622_173116.jpg,big temple,IMG_20260622_173116.jpg,3072,4096,4794937,044fe23bbbefde5baf9930ee693c2dba
big temple\IMG_20260622_173131.jpg,big temple,IMG_20260622_173131.jpg,3072,4096,4818184,282fdf7ae465c013fc88b52eb230ba57
big temple\IMG_20260622_173143.jpg,big temple,IMG_20260622_173143.jpg,3072,4096,6299491,bfa8173c6dcb206ab5d52d7cf2a2347b
big temple\IMG_20260622_173200.jpg,big temple,IMG_20260622_173200.jpg,3072,4096,6378758,3ae449443aeaf1a89ffd335cc048c9b6
big temple\IMG_20260622_173210.jpg,big temple,IMG_20260622_173210.jpg,3072,4096,5184657,ac7a421a5efdee8d5b1879ba993feae4
big temple\IMG_20260622_173228.jpg,big temple,IMG_20260622_173228.jpg,3072,4096,4874126,9066659b394cfb9752cf90f915f0896c
big temple\IMG_20260622_173250.jpg,big temple,IMG_20260622_173250.jpg,3072,4096,4540974,5b4874c57a2520f0042b679c8a287b00
big temple\IMG_20260622_173312.jpg,big temple,IMG_20260622_173312.jpg,3072,4096,5919503,3010118e750cd529a79c26bc8aed8a5f
big temple\IMG_20260622_173402.jpg,big temple,IMG_20260622_173402.jpg,3072,4096,4585323,67817670bf414eee410d7b3005aefd55
big temple\IMG_20260622_173414.jpg,big temple,IMG_20260622_173414.jpg,3072,4096,4347355,dbe3c64145ed23df3d9f2a4bc95603c9
big temple\IMG_20260622_173436.jpg,big temple,IMG_20260622_173436.jpg,3072,4096,6285896,d984db1091aa11543c42caba0e1b3d05
big temple\IMG_20260622_173448.jpg,big temple,IMG_20260622_173448.jpg,3072,4096,4044321,ecf8901b08cb28fe439a932a68ca24b4
big temple\IMG_20260622_173503.jpg,big temple,IMG_20260622_173503.jpg,3072,4096,3608416,8e257f3faee7af9db4eb5b8bcb232e9f
big temple\IMG_20260622_173552.jpg,big temple,IMG_20260622_173552.jpg,3072,4096,2760683,64fdbba1f6dbae39530b5a41f502c5f4
big temple\IMG_20260622_173726.jpg,big temple,IMG_20260622_173726.jpg,3072,4096,5475805,d49e76e5af721752f8adcc33e25beca8
big temple\IMG_20260622_173757.jpg,big temple,IMG_20260622_173757.jpg,3072,4096,5380270,4dc3e26b5ba3f053131cd9b130e1775c
big temple\IMG_20260622_173807.jpg,big temple,IMG_20260622_173807.jpg,4096,3072,5566520,94a27a8c1fdae454ad1a9784d408a2e0
big temple\IMG_20260622_173821.jpg,big temple,IMG_20260622_173821.jpg,3072,4096,5020664,3f0822b41c830f459a1b58beb703ca9d
big temple\IMG_20260622_173846.jpg,big temple,IMG_20260622_173846.jpg,3072,4096,5446542,cca1f83e4c70e76a299dd835603c19d4
big temple\IMG_20260622_173923.jpg,big temple,IMG_20260622_173923.jpg,3072,4096,5414825,3d02e2e86c2856ad0219d9c249cf8a63
big temple\IMG_20260622_173938.jpg,big temple,IMG_20260622_173938.jpg,3072,4096,7089872,f047c7fa7e5d7cae88b67733fd8215c8
big temple\IMG_20260622_173952.jpg,big temple,IMG_20260622_173952.jpg,3072,4096,5754249,d5f77e13255f761b61d7819b743a6eb9
big temple\IMG_20260622_174022.jpg,big temple,IMG_20260622_174022.jpg,3072,4096,6094145,265055c6a53c4014bc2c05d3e7769989
big temple\IMG_20260622_174036.jpg,big temple,IMG_20260622_174036.jpg,3072,4096,5043573,d0081aaa5ce6bfec8a41af0de221c9ad
big temple\IMG_20260622_174117.jpg,big temple,IMG_20260622_174117.jpg,3072,4096,5843106,652538b206b7b75db4bd76498f75fc68
big temple\IMG_20260622_174124.jpg,big temple,IMG_20260622_174124.jpg,3072,4096,5388573,579c20b0d7bf8efbc86ae51dad8f6e56
big temple\IMG_20260622_174156.jpg,big temple,IMG_20260622_174156.jpg,3072,4096,5279603,f944c2f19a4f7022e05b4ee77606ee1f
big temple\IMG_20260622_174203.jpg,big temple,IMG_20260622_174203.jpg,3072,4096,3962117,c5a790e65b114e3a9b1b44088dbaa7a7
big temple\IMG_20260622_174243.jpg,big temple,IMG_20260622_174243.jpg,3072,4096,4560092,17796fcfc5da0c0a24858ab05c73bad7
big temple\IMG_20260622_174258.jpg,big temple,IMG_20260622_174258.jpg,3072,4096,7131063,7e556a1c40c6b14c10a473c7f64df12d
big temple\IMG_20260622_174319.jpg,big temple,IMG_20260622_174319.jpg,3072,4096,5295277,2598fb4e4b0d6cec3990620e813ab9c1
big temple\IMG_20260622_174333.jpg,big temple,IMG_20260622_174333.jpg,3072,4096,6938654,1fbe34b35aacdc97bda328a9b8cc6ae0
big temple\IMG_20260622_174342.jpg,big temple,IMG_20260622_174342.jpg,3072,4096,5807451,c18159395cb2d63bc6ae898acda89fd6
big temple\IMG_20260622_174357.jpg,big temple,IMG_20260622_174357.jpg,3072,4096,7157193,23010aedd5fc6d0a2b300dbc7a36a72c
big temple\IMG_20260622_174411.jpg,big temple,IMG_20260622_174411.jpg,3072,4096,4764316,babce9ac020ffa6f178e175a3ff5304f
big temple\IMG_20260622_174514.jpg,big temple,IMG_20260622_174514.jpg,3072,4096,4524802,ef2930e19a647dad41ca64aef279d415
big temple\IMG_20260622_174619.jpg,big temple,IMG_20260622_174619.jpg,3072,4096,3735316,51f5845ea64d34b5a9b7b5b86c6e5050
"kasiviswa nadhar therku vedhi rd , next to micheal tea shop\IMG_20260625_172421.jpg","kasiviswa nadhar therku vedhi rd , next to micheal tea shop",IMG_20260625_172421.jpg,3072,4096,4414050,38a8a259c4378fd36a960046f1ec0396
"kasiviswa nadhar therku vedhi rd , next to micheal tea shop\IMG_20260625_172440.jpg","kasiviswa nadhar therku vedhi rd , next to micheal tea shop",IMG_20260625_172440.jpg,3072,4096,4098839,151733059e919b1ebb09f97fd4a97b27
"kasiviswa nadhar therku vedhi rd , next to micheal tea shop\IMG_20260625_172459.jpg","kasiviswa nadhar therku vedhi rd , next to micheal tea shop",IMG_20260625_172459.jpg,3072,4096,3592218,88a338e181046eb14e80aa9c63232787
"kasiviswa nadhar therku vedhi rd , next to micheal tea shop\IMG_20260625_172511.jpg","kasiviswa nadhar therku vedhi rd , next to micheal tea shop",IMG_20260625_172511.jpg,3072,4096,3806201,5ec8e75553c037692d61f1f9b2481974
"kasiviswa nadhar therku vedhi rd , next to micheal tea shop\IMG_20260625_172527.jpg","kasiviswa nadhar therku vedhi rd , next to micheal tea shop",IMG_20260625_172527.jpg,3072,4096,5255889,1518482307b7291e2e0361b8af120b99
"kasiviswa nadhar therku vedhi rd , next to micheal tea shop\IMG_20260625_172532.jpg","kasiviswa nadhar therku vedhi rd , next to micheal tea shop",IMG_20260625_172532.jpg,3072,4096,4797951,7bebc3e8a2239021668e15d385548072
"kasiviswa nadhar therku vedhi rd , next to micheal tea shop\IMG_20260625_172546.jpg","kasiviswa nadhar therku vedhi rd , next to micheal tea shop",IMG_20260625_172546.jpg,4096,3072,4435394,ecc7ef9ce30edf736567f40803457ecb
"kasiviswa nadhar therku vedhi rd , next to micheal tea shop\IMG_20260625_172609.jpg","kasiviswa nadhar therku vedhi rd , next to micheal tea shop",IMG_20260625_172609.jpg,3072,4096,4148775,aa98352f46e327868297ad1b78cd2c2f
"kasiviswa nadhar therku vedhi rd , next to micheal tea shop\IMG_20260625_172643.jpg","kasiviswa nadhar therku vedhi rd , next to micheal tea shop",IMG_20260625_172643.jpg,3072,4096,5088886,6dc25cc06d467ffbe6dbc4dcccdb57cd
"kasiviswa nadhar therku vedhi rd , next to micheal tea shop\IMG_20260625_172656.jpg","kasiviswa nadhar therku vedhi rd , next to micheal tea shop",IMG_20260625_172656.jpg,3072,4096,3808368,bb36636fc999148f0d2c1c40850e696b
"kasiviswa nadhar therku vedhi rd , next to micheal tea shop\IMG_20260625_172715.jpg","kasiviswa nadhar therku vedhi rd , next to micheal tea shop",IMG_20260625_172715.jpg,3072,4096,6216398,c1f7e9fa072ec508cb968bf7318a9822
"kasiviswa nadhar therku vedhi rd , next to micheal tea shop\IMG_20260625_172729.jpg","kasiviswa nadhar therku vedhi rd , next to micheal tea shop",IMG_20260625_172729.jpg,3072,4096,5605992,b01cdeef0fe34cef0d91a90e4a5ba723
"kasiviswa nadhar therku vedhi rd , next to micheal tea shop\IMG_20260625_172750.jpg","kasiviswa nadhar therku vedhi rd , next to micheal tea shop",IMG_20260625_172750.jpg,4096,3072,3997301,dcf6896c2ab1033633aae4d4ca59f910
"kasiviswa nadhar therku vedhi rd , next to micheal tea shop\IMG_20260625_172817.jpg","kasiviswa nadhar therku vedhi rd , next to micheal tea shop",IMG_20260625_172817.jpg,3072,4096,6348831,82d8658306c51f944c5ff650e6e162ab
"kasiviswa nadhar therku vedhi rd , next to micheal tea shop\IMG_20260625_172843.jpg","kasiviswa nadhar therku vedhi rd , next to micheal tea shop",IMG_20260625_172843.jpg,3072,4096,4636978,939207cc6749eef6ddec4b73a790d557
"kasiviswa nadhar therku vedhi rd , next to micheal tea shop\IMG_20260625_172906.jpg","kasiviswa nadhar therku vedhi rd , next to micheal tea shop",IMG_20260625_172906.jpg,3072,4096,6005027,21a91537f2d8a9678f968f75f9944ec7
"kasiviswa nadhar therku vedhi rd , next to micheal tea shop\IMG_20260625_172922.jpg","kasiviswa nadhar therku vedhi rd , next to micheal tea shop",IMG_20260625_172922.jpg,3072,4096,5253283,6e3628f3b406d4c4307b6184113bd7f5
"kasiviswa nadhar therku vedhi rd , next to micheal tea shop\IMG_20260625_172928.jpg","kasiviswa nadhar therku vedhi rd , next to micheal tea shop",IMG_20260625_172928.jpg,3072,4096,6721422,8849964710ca85117ba36a06f7810af3
"kasiviswa nadhar therku vedhi rd , next to micheal tea shop\IMG_20260625_173046.jpg","kasiviswa nadhar therku vedhi rd , next to micheal tea shop",IMG_20260625_173046.jpg,3072,4096,5704664,2b71cddddf01b9a6cfa4393474ac27b7
"kasiviswa nadhar therku vedhi rd , next to micheal tea shop\IMG_20260625_173101.jpg","kasiviswa nadhar therku vedhi rd , next to micheal tea shop",IMG_20260625_173101.jpg,3072,4096,3741570,74997649cd4804360331c2b7594e79f1
"kasiviswa nadhar therku vedhi rd , next to micheal tea shop\IMG_20260625_173133.jpg","kasiviswa nadhar therku vedhi rd , next to micheal tea shop",IMG_20260625_173133.jpg,3072,4096,3255698,148c489b5434d9daf4d374cc07f3e10f
"kasiviswa nadhar therku vedhi rd , next to micheal tea shop\IMG_20260625_173154.jpg","kasiviswa nadhar therku vedhi rd , next to micheal tea shop",IMG_20260625_173154.jpg,3072,4096,3192088,998de286fd274620834702712216c978
"kasiviswa nadhar therku vedhi rd , next to micheal tea shop\IMG_20260625_173218.jpg","kasiviswa nadhar therku vedhi rd , next to micheal tea shop",IMG_20260625_173218.jpg,3072,4096,4634140,47b02e591bcf7d25bf4b24b17dc41d1c
"kasiviswa nadhar therku vedhi rd , next to micheal tea shop\IMG_20260625_173234.jpg","kasiviswa nadhar therku vedhi rd , next to micheal tea shop",IMG_20260625_173234.jpg,3072,4096,2393087,cbe1c8da52c986cb0350cb036f197bdc
"kasiviswa nadhar therku vedhi rd , next to micheal tea shop\IMG_20260625_173301.jpg","kasiviswa nadhar therku vedhi rd , next to micheal tea shop",IMG_20260625_173301.jpg,3072,4096,3743198,8b74d897091d858cef1e76d180da12bd
market hanuman\IMG_20260624_132406.jpg,market hanuman,IMG_20260624_132406.jpg,4096,3072,6599627,cf17539de5d78e515ba17283fba15018
market hanuman\IMG_20260624_132409.jpg,market hanuman,IMG_20260624_132409.jpg,4096,3072,6081152,1544be7411897daafab7bfe1e5944f16
market hanuman\IMG_20260624_132413.jpg,market hanuman,IMG_20260624_132413.jpg,4096,3072,4892735,0f6741d4feef0e46cf54eed0769a082a
market hanuman\IMG_20260624_132550.jpg,market hanuman,IMG_20260624_132550.jpg,3072,4096,5020822,92bcbf3bfb9573544d91137bef2422b6
market hanuman\IMG_20260624_132604.jpg,market hanuman,IMG_20260624_132604.jpg,3072,4096,3792205,f2020614aa9f609c9a8b95db0c0930e1
market hanuman\IMG_20260624_132625.jpg,market hanuman,IMG_20260624_132625.jpg,3072,4096,4964001,a2c27ca6535a3747bfef378c85a36a7c
market hanuman\IMG_20260624_132649.jpg,market hanuman,IMG_20260624_132649.jpg,3072,4096,4104645,20ba17a10d0a6d654b0986ab81365949
market hanuman\IMG_20260624_132719.jpg,market hanuman,IMG_20260624_132719.jpg,4096,3072,3814295,b538c7e734f3f52ad8c1b4ce720cae99
market hanuman\IMG_20260624_132745.jpg,market hanuman,IMG_20260624_132745.jpg,3072,4096,7007398,a4022fdfe1ca1e0ece0657dd058d193c
market hanuman\IMG_20260624_132757.jpg,market hanuman,IMG_20260624_132757.jpg,3072,4096,6890623,2f3535e9939cf2c57c436d1fbb89f78a
market hanuman\IMG_20260624_132811.jpg,market hanuman,IMG_20260624_132811.jpg,3072,4096,6918457,82a18d3c28f52fd62da656d160692179
market hanuman\IMG_20260624_132833.jpg,market hanuman,IMG_20260624_132833.jpg,3072,4096,5360446,7577d3b8a283c8e31b5320c73c0ab2da
market hanuman\IMG_20260624_132919.jpg,market hanuman,IMG_20260624_132919.jpg,4096,3072,6243818,4766dae6a702c23e2dc937fb98f5810f
market hanuman\IMG_20260624_133043.jpg,market hanuman,IMG_20260624_133043.jpg,3072,4096,5253774,2704c80382a0eee67ad195803be84a8b
market hanuman\IMG_20260624_133102.jpg,market hanuman,IMG_20260624_133102.jpg,3072,4096,4438346,da6634fd7a1992f6f915d39bfb5a185d
market hanuman\IMG_20260624_133121.jpg,market hanuman,IMG_20260624_133121.jpg,3072,4096,6220446,310691c98550226e17c0dc447062da94
market hanuman\IMG_20260624_133419.jpg,market hanuman,IMG_20260624_133419.jpg,3072,4096,4602866,c52354606ec53e8c8433125929261ada
"Ramar kovil therku vidhi , next to kasi viswa kovil\IMG_20260625_173700.jpg","Ramar kovil therku vidhi , next to kasi viswa kovil",IMG_20260625_173700.jpg,3072,4096,4285668,31d121b528b54091b736754dd37ee475
"Ramar kovil therku vidhi , next to kasi viswa kovil\IMG_20260625_173715.jpg","Ramar kovil therku vidhi , next to kasi viswa kovil",IMG_20260625_173715.jpg,3072,4096,4322088,d70d54f5b1194797c468eae3dbaa114e
"Ramar kovil therku vidhi , next to kasi viswa kovil\IMG_20260625_173745.jpg","Ramar kovil therku vidhi , next to kasi viswa kovil",IMG_20260625_173745.jpg,3072,4096,4561476,1d738b955b39a22338b72ecc55364620
"Ramar kovil therku vidhi , next to kasi viswa kovil\IMG_20260625_173812.jpg","Ramar kovil therku vidhi , next to kasi viswa kovil",IMG_20260625_173812.jpg,3072,4096,5022902,925f814d8758159477560a6a317420cf
"Ramar kovil therku vidhi , next to kasi viswa kovil\IMG_20260625_173911.jpg","Ramar kovil therku vidhi , next to kasi viswa kovil",IMG_20260625_173911.jpg,3072,4096,2135480,c9ecbc456c2e09fd96aeeea56b2e6015
"Ramar kovil therku vidhi , next to kasi viswa kovil\IMG_20260625_173932.jpg","Ramar kovil therku vidhi , next to kasi viswa kovil",IMG_20260625_173932.jpg,3072,4096,2981154,d67fe190efe5b54188ae8ba76b782368
"Ramar kovil therku vidhi , next to kasi viswa kovil\IMG_20260625_174000.jpg","Ramar kovil therku vidhi , next to kasi viswa kovil",IMG_20260625_174000.jpg,3072,4096,3455327,beabcebcc410f3819a4da8fcdfb2f281
"Ramar kovil therku vidhi , next to kasi viswa kovil\IMG_20260625_174018.jpg","Ramar kovil therku vidhi , next to kasi viswa kovil",IMG_20260625_174018.jpg,3072,4096,3491761,ff89d87b33409f00292358b753f7af39
"Ramar kovil therku vidhi , next to kasi viswa kovil\IMG_20260625_174031.jpg","Ramar kovil therku vidhi , next to kasi viswa kovil",IMG_20260625_174031.jpg,3072,4096,2532320,5bd1eb929e8885ee8c7b6553a8e23257
"Ramar kovil therku vidhi , next to kasi viswa kovil\IMG_20260625_174059.jpg","Ramar kovil therku vidhi , next to kasi viswa kovil",IMG_20260625_174059.jpg,3072,4096,2459726,923268ca5500ac11b0c83009fb337874
"Ramar kovil therku vidhi , next to kasi viswa kovil\IMG_20260625_174115.jpg","Ramar kovil therku vidhi , next to kasi viswa kovil",IMG_20260625_174115.jpg,3072,4096,2968892,e5c24b33643b7d0f88ede5dd17b6a415
"Ramar kovil therku vidhi , next to kasi viswa kovil\IMG_20260625_174147.jpg","Ramar kovil therku vidhi , next to kasi viswa kovil",IMG_20260625_174147.jpg,3072,4096,3054249,87645296017b1b212bee2e32a3b963a3
"Ramar kovil therku vidhi , next to kasi viswa kovil\IMG_20260625_174222.jpg","Ramar kovil therku vidhi , next to kasi viswa kovil",IMG_20260625_174222.jpg,3072,4096,2684227,0d662fd49a536b0bae0fb05422c15cf8
"Ramar kovil therku vidhi , next to kasi viswa kovil\IMG_20260625_174247.jpg","Ramar kovil therku vidhi , next to kasi viswa kovil",IMG_20260625_174247.jpg,3072,4096,2984375,1fdb5664973e4aaa2dad018c1f61e337
rathnagirishwarar kovil near peter school\IMG_20260624_131432.jpg,rathnagirishwarar kovil near peter school,IMG_20260624_131432.jpg,3072,4096,5037990,812ce92056f6a7b7745810822c43f75f
rathnagirishwarar kovil near peter school\IMG_20260624_131440.jpg,rathnagirishwarar kovil near peter school,IMG_20260624_131440.jpg,3072,4096,4683317,f79773fd0fddb3b1487c17eca4fe10fc
rathnagirishwarar kovil near peter school\IMG_20260624_131447.jpg,rathnagirishwarar kovil near peter school,IMG_20260624_131447.jpg,3072,4096,6654486,040924fc1fc1b3d89f64fd692edbe36a
rathnagirishwarar kovil near peter school\IMG_20260624_131455.jpg,rathnagirishwarar kovil near peter school,IMG_20260624_131455.jpg,3072,4096,3558081,e189e31562b904875bd003efef1f791b
rathnagirishwarar kovil near peter school\IMG_20260624_131517.jpg,rathnagirishwarar kovil near peter school,IMG_20260624_131517.jpg,3072,4096,6776879,7d84d107f49f30a408f795f996933be3
rathnagirishwarar kovil near peter school\IMG_20260624_131528.jpg,rathnagirishwarar kovil near peter school,IMG_20260624_131528.jpg,3072,4096,4467800,3744e60cbc46f0c809406614c2e263eb
rathnagirishwarar kovil near peter school\IMG_20260624_131535.jpg,rathnagirishwarar kovil near peter school,IMG_20260624_131535.jpg,3072,4096,5993423,6b406d63c80dab1c49385927726d6d4b
rathnagirishwarar kovil near peter school\IMG_20260624_131545.jpg,rathnagirishwarar kovil near peter school,IMG_20260624_131545.jpg,3072,4096,4705458,48197b3e4a8002509b92af60f8709338
rathnagirishwarar kovil near peter school\IMG_20260624_131556.jpg,rathnagirishwarar kovil near peter school,IMG_20260624_131556.jpg,3072,4096,5662356,8b4b8c47961d03ee03a3e359c8ba85e5
rathnagirishwarar kovil near peter school\IMG_20260624_131652.jpg,rathnagirishwarar kovil near peter school,IMG_20260624_131652.jpg,3072,4096,4803998,475426f2cda04891257b802ed0484ceb
rathnagirishwarar kovil near peter school\IMG_20260624_131656.jpg,rathnagirishwarar kovil near peter school,IMG_20260624_131656.jpg,3072,4096,5129550,d1b2b2cb35b18ee29e62a52d72daa87b
rathnagirishwarar kovil near peter school\IMG_20260624_131703.jpg,rathnagirishwarar kovil near peter school,IMG_20260624_131703.jpg,3072,4096,4078402,cac580b99ed10204a8062bfc94ae4f71
rathnagirishwarar kovil near peter school\IMG_20260624_131712.jpg,rathnagirishwarar kovil near peter school,IMG_20260624_131712.jpg,3072,4096,4030418,9b4eeb2cfdad267ab24d9e85d7b8ac5c
rathnagirishwarar kovil near peter school\IMG_20260624_131726.jpg,rathnagirishwarar kovil near peter school,IMG_20260624_131726.jpg,3072,4096,4836456,1ce0bb249e5f949e3ad15208b60ca59f
rathnagirishwarar kovil near peter school\IMG_20260624_131831.jpg,rathnagirishwarar kovil near peter school,IMG_20260624_131831.jpg,3072,4096,3561648,e1444e00fa5f157a04b3f1a317fafc5f
rathnagirishwarar kovil near peter school\IMG_20260624_131837.jpg,rathnagirishwarar kovil near peter school,IMG_20260624_131837.jpg,3072,4096,4228714,3dd9250527bbbbe2cfa4ffbba5cc5eb3
sakkarathu alwar near mrng star schl_\Copy of IMG_20260624_124430.jpg,sakkarathu alwar near mrng star schl_,Copy of IMG_20260624_124430.jpg,3072,4096,6072469,48602a45ba3c64924e8b31d1de826542
sakkarathu alwar near mrng star schl_\Copy of IMG_20260624_124444.jpg,sakkarathu alwar near mrng star schl_,Copy of IMG_20260624_124444.jpg,3072,4096,4226414,2a9e8dd2ee37b1a546077dfc8208cfa5
sakkarathu alwar near mrng star schl_\Copy of IMG_20260624_124456.jpg,sakkarathu alwar near mrng star schl_,Copy of IMG_20260624_124456.jpg,3072,4096,5761087,4913463ad7e9721c0010772f37069853
sakkarathu alwar near mrng star schl_\Copy of IMG_20260624_124625.jpg,sakkarathu alwar near mrng star schl_,Copy of IMG_20260624_124625.jpg,3072,4096,5099791,c27ddc38960d341373c6dc4930ba6d49
sakkarathu alwar near mrng star schl_\Copy of IMG_20260624_124641.jpg,sakkarathu alwar near mrng star schl_,Copy of IMG_20260624_124641.jpg,3072,4096,5817018,e7c6270eb41e6f0191ae41caa9185bff
sakkarathu alwar near mrng star schl_\Copy of IMG_20260624_124653.jpg,sakkarathu alwar near mrng star schl_,Copy of IMG_20260624_124653.jpg,3072,4096,6018142,3f26349b5a286dd737db2bbda92ce963
sakkarathu alwar near mrng star schl_\Copy of IMG_20260624_124701.jpg,sakkarathu alwar near mrng star schl_,Copy of IMG_20260624_124701.jpg,3072,4096,5299183,4894c4eaff78a4e37dcf5a2689019687
sakkarathu alwar near mrng star schl_\Copy of IMG_20260624_124726.jpg,sakkarathu alwar near mrng star schl_,Copy of IMG_20260624_124726.jpg,3072,4096,5239325,3e0a02b04378ca794c688e273569d676
sakkarathu alwar near mrng star schl_\Copy of IMG_20260624_124734.jpg,sakkarathu alwar near mrng star schl_,Copy of IMG_20260624_124734.jpg,3072,4096,5250650,6f42d2a47b92a379d53cc6db74b45757
sakkarathu alwar near mrng star schl_\Copy of IMG_20260624_124759.jpg,sakkarathu alwar near mrng star schl_,Copy of IMG_20260624_124759.jpg,3072,4096,3769092,18863beb32ee2a33522265915e9cfa6b
sakkarathu alwar near mrng star schl_\Copy of IMG_20260624_124933.jpg,sakkarathu alwar near mrng star schl_,Copy of IMG_20260624_124933.jpg,3072,4096,5673520,fffa5fd27179f80d9c78ba6ed2f86439
sakkarathu alwar near mrng star schl_\Copy of IMG_20260624_125247.jpg,sakkarathu alwar near mrng star schl_,Copy of IMG_20260624_125247.jpg,3072,4096,4710395,80814a40d4cac8b9b7d7d80d8a62c114
sakkarathu alwar near mrng star schl_\Copy of IMG_20260624_125343.jpg,sakkarathu alwar near mrng star schl_,Copy of IMG_20260624_125343.jpg,3072,4096,5043220,10180f500dbe58f5b28b13f95a678a50
sakkarathu alwar near mrng star schl_\Copy of IMG_20260624_125351.jpg,sakkarathu alwar near mrng star schl_,Copy of IMG_20260624_125351.jpg,3072,4096,4607954,1fcd653828c351cf5adbf2e1bb06fe50
sakkarathu alwar near mrng star schl_\Copy of IMG_20260624_125417.jpg,sakkarathu alwar near mrng star schl_,Copy of IMG_20260624_125417.jpg,3072,4096,4357337,fe990d64f784e10516dee2c65df3fc28
sakkarathu alwar near mrng star schl_\Copy of IMG_20260624_125638.jpg,sakkarathu alwar near mrng star schl_,Copy of IMG_20260624_125638.jpg,3072,4096,4983147,3e48a6d92d48d4bc42a043c2c6d15a98
sakkarathu alwar near mrng star schl_\Copy of IMG_20260624_125839.jpg,sakkarathu alwar near mrng star schl_,Copy of IMG_20260624_125839.jpg,3072,4096,4453697,c12a7d897d338c110fb4d71aad369f02
sakkarathu alwar near mrng star schl_\Copy of IMG_20260624_125906.jpg,sakkarathu alwar near mrng star schl_,Copy of IMG_20260624_125906.jpg,3072,4096,4953488,468ff0b093c3fe9a6eb6c73116b0326a
