duplicate_file,canonical_file,md5
sakkarathu alwar near mrng star schl_\IMG_20260624_124430.jpg,sakkarathu alwar near mrng star schl_\Copy of IMG_20260624_124430.jpg,48602a45ba3c64924e8b31d1de826542
sakkarathu alwar near mrng star schl_\IMG_20260624_124444.jpg,sakkarathu alwar near mrng star schl_\Copy of IMG_20260624_124444.jpg,2a9e8dd2ee37b1a546077dfc8208cfa5
sakkarathu alwar near mrng star schl_\IMG_20260624_124456.jpg,sakkarathu alwar near mrng star schl_\Copy of IMG_20260624_124456.jpg,4913463ad7e9721c0010772f37069853
sakkarathu alwar near mrng star schl_\IMG_20260624_124625.jpg,sakkarathu alwar near mrng star schl_\Copy of IMG_20260624_124625.jpg,c27ddc38960d341373c6dc4930ba6d49
sakkarathu alwar near mrng star schl_\IMG_20260624_124641.jpg,sakkarathu alwar near mrng star schl_\Copy of IMG_20260624_124641.jpg,e7c6270eb41e6f0191ae41caa9185bff
sakkarathu alwar near mrng star schl_\IMG_20260624_124653.jpg,sakkarathu alwar near mrng star schl_\Copy of IMG_20260624_124653.jpg,3f26349b5a286dd737db2bbda92ce963
sakkarathu alwar near mrng star schl_\IMG_20260624_124701.jpg,sakkarathu alwar near mrng star schl_\Copy of IMG_20260624_124701.jpg,4894c4eaff78a4e37dcf5a2689019687
sakkarathu alwar near mrng star schl_\IMG_20260624_124726.jpg,sakkarathu alwar near mrng star schl_\Copy of IMG_20260624_124726.jpg,3e0a02b04378ca794c688e273569d676
sakkarathu alwar near mrng star schl_\IMG_20260624_124734.jpg,sakkarathu alwar near mrng star schl_\Copy of IMG_20260624_124734.jpg,6f42d2a47b92a379d53cc6db74b45757
sakkarathu alwar near mrng star schl_\IMG_20260624_124759.jpg,sakkarathu alwar near mrng star schl_\Copy of IMG_20260624_124759.jpg,18863beb32ee2a33522265915e9cfa6b
sakkarathu alwar near mrng star schl_\IMG_20260624_124933.jpg,sakkarathu alwar near mrng star schl_\Copy of IMG_20260624_124933.jpg,fffa5fd27179f80d9c78ba6ed2f86439
sakkarathu alwar near mrng star schl_\IMG_20260624_125247.jpg,sakkarathu alwar near mrng star schl_\Copy of IMG_20260624_125247.jpg,80814a40d4cac8b9b7d7d80d8a62c114
sakkarathu alwar near mrng star schl_\IMG_20260624_125343.jpg,sakkarathu alwar near mrng star schl_\Copy of IMG_20260624_125343.jpg,10180f500dbe58f5b28b13f95a678a50
sakkarathu alwar near mrng star schl_\IMG_20260624_125351.jpg,sakkarathu alwar near mrng star schl_\Copy of IMG_20260624_125351.jpg,1fcd653828c351cf5adbf2e1bb06fe50
sakkarathu alwar near mrng star schl_\IMG_20260624_125417.jpg,sakkarathu alwar near mrng star schl_\Copy of IMG_20260624_125417.jpg,fe990d64f784e10516dee2c65df3fc28
sakkarathu alwar near mrng star schl_\IMG_20260624_125638.jpg,sakkarathu alwar near mrng star schl_\Copy of IMG_20260624_125638.jpg,3e48a6d92d48d4bc42a043c2c6d15a98
sakkarathu alwar near mrng star schl_\IMG_20260624_125839.jpg,sakkarathu alwar near mrng star schl_\Copy of IMG_20260624_125839.jpg,c12a7d897d338c110fb4d71aad369f02
sakkarathu alwar near mrng star schl_\IMG_20260624_125906.jpg,sakkarathu alwar near mrng star schl_\Copy of IMG_20260624_125906.jpg,468ff0b093c3fe9a6eb6c73116b0326a
